t_rel_enter_s,belt_bpm_ffill,radar_bpm_1hz,radar_valid_1hz,Peak_To_Noise,PSD_Peak_Ratio_1_2,Bandpower_6_30_BPM,Motion_RMS,Sweep_Energy_STD,phase_1hz
-34.0,,,False,,,,,,pre_enter
-33.0,0.0,,False,,,,,,pre_enter
-32.0,0.0,,False,,,,,,pre_enter
-31.0,0.0,,False,,,,,,pre_enter
-30.0,0.0,,False,11.136996075609282,,,,4902.698308293959,pre_enter
-29.0,0.0,,False,12.49836623770089,,,,5922.644743382256,pre_enter
-28.0,0.0,,False,17.775961142640767,,,,7208.738561915078,pre_enter
-27.0,0.0,,False,14.045541232710804,,,,7067.668434991485,pre_enter
-26.0,0.0,,False,21.575864359818414,,,,13768.318931316066,pre_enter
-25.0,0.0,,False,20.09972915702331,0.4999914012014836,0.00029073329270978024,1.842555005635516e-05,12425.442808853699,pre_enter
-24.0,0.0,,False,13.719528390316274,1.00018513063043,1.372836514689085,0.009533615875100746,8382.695654693003,pre_enter
-23.0,11.19,,False,12.332948816764603,1.0029040044154174,17.152238508990457,0.1649586340989099,6288.350418324499,pre_enter
-22.0,11.19,,False,14.821221918748732,1.0015039704973416,45.18954160619181,0.47441529546917505,9183.186360425498,pre_enter
-21.0,11.19,,False,32.4773687487269,1.0020052748282073,90.90895075701911,0.6691325330529861,23292.039749310075,pre_enter
-20.0,11.19,,False,35.49929864698554,1.0021156901760606,157.95941403110555,0.7233618622492237,32395.29444908118,pre_enter
-19.0,11.19,,False,24.377318965745005,1.009917684648395,243.55835134266522,1.0327893962837806,18663.45508024508,pre_enter
-18.0,11.19,,False,22.198883488403638,1.006635799944106,338.45686907164827,1.1984320811460516,18789.894749055096,pre_enter
-17.0,11.19,,False,27.354352315506084,1.0205273771063066,434.70300696698234,1.4431102849110196,23170.313288623292,pre_enter
-16.0,11.19,,False,25.125358807711173,1.0297588214958475,522.3929472887935,1.5514969155785767,20206.55499675627,pre_enter
-15.0,11.19,,False,29.753368918129482,1.0277537497932114,615.9438202521042,1.6185292752435587,26580.099701939434,pre_enter
-14.0,11.19,,False,32.07013623786359,1.0213814303043804,734.735210648867,1.7023107469465124,35260.305738046416,pre_enter
-13.0,20.49,,False,27.14285145890769,1.0794061521023401,857.6142856903099,1.8006828797953878,22446.372635077892,pre_enter
-12.0,20.49,,False,17.097670701610745,1.044426333050989,956.0651809015825,1.9371120786475071,13827.637809110089,pre_enter
-11.0,20.49,,False,22.156296942530503,1.019112079022635,1006.483086309376,1.9450387671401694,18702.433851599173,pre_enter
-10.0,20.49,7.927510068988984,True,21.223963184899894,1.0223975166736576,1013.5165579762506,2.013654469130306,15926.254241482791,pre_enter
-9.0,20.49,7.854570854020109,True,18.477946885566304,1.04774161372183,986.2494192272352,2.033403457204885,12792.601011306911,pre_enter
-8.0,20.49,7.687334868317261,True,13.549193691023422,1.0827011386861671,946.4845644400434,2.0777587149981724,10344.960018328962,pre_enter
-7.0,20.49,7.463517255759177,True,18.487050707963846,1.126686965929038,921.1053469845191,2.037796022745689,12939.23823436812,pre_enter
-6.0,20.49,7.3006056219212745,True,17.835251216076276,1.1590573191030438,907.872953383167,2.001673300252243,13467.671293662466,pre_enter
-5.0,20.49,7.211825882814752,True,16.305208394343904,1.0978898749544963,885.996557303759,1.9875095193232133,12728.637186395168,pre_enter
-4.0,20.49,21.169093101590757,True,31.779476482644114,1.0235106528080289,842.5254387878747,1.866617983600195,34262.40711195681,pre_enter
-3.0,19.44,21.52388470127934,True,27.15974890306491,1.1141208847119743,770.5036788237873,1.8815362293652678,30537.667023374106,pre_enter
-2.0,19.44,22.257200476694912,True,25.092885590140195,1.0119753967426153,702.7907700490263,1.8376836568460813,27476.618196349908,pre_enter
-1.0,19.44,22.48668797598713,True,15.598696771700162,1.0463239024630129,652.6594259008921,1.8021086705797047,14302.991280318472,pre_enter
0.0,19.44,22.658843840512773,True,20.494721893862334,1.0995817925701592,614.1553735085926,1.778700478454191,46715.41225426081,cold_grace
1.0,19.44,22.714035418795934,True,28.03509746091762,1.1184456888643615,613.3252540084833,1.8122619109488707,85977.13632845302,cold_grace
2.0,19.44,,False,20.085589815759178,,,,18197.67572334844,cold_grace
3.0,19.44,,False,21.07597871644601,,,,19433.28939505831,cold_grace
4.0,19.44,,False,42.14976952599933,,,,63118.36171419488,cold_grace
5.0,19.44,,False,40.88235973313722,,,,61085.4160613407,cold_grace
6.0,19.44,,False,20.65569401326111,0.49999726320971344,0.0009134738340418804,6.809686802933353e-05,27252.0882680342,cold_grace
7.0,21.7,,False,8.266766909882747,1.0003397440601103,3.1659530118799117,0.09662026631830958,5776.813004299301,cold_grace
8.0,21.7,,False,16.15277707167475,1.003014168018214,22.440664351784978,0.3527533288003363,13754.64600221996,cold_grace
9.0,21.7,,False,22.90700228134012,1.0062957417404448,69.13540759690656,0.819193165158046,29478.265517615597,cold_grace
10.0,21.7,,False,18.679079955907408,1.016099392169281,151.057577240611,0.9867049840315614,20631.623270037286,cold_grace
11.0,21.7,,False,26.143241588942722,1.0116976976104706,272.08329325950353,1.0501686505613097,29114.669475578703,cold_grace
12.0,21.7,,False,24.57454409651953,1.0267004942068931,435.78526767022845,1.2492594709954457,32876.8292878606,cold_grace
13.0,21.7,,False,21.25266012406859,1.0197188797025984,623.9995061496846,1.4025419949660407,25332.67665169733,cold_grace
14.0,21.7,,False,38.87975688115813,1.0079680409465759,810.5475094433034,2.118623696880335,66721.96308450718,cold_grace
15.0,21.7,,False,32.20354853271913,1.0136491194661494,968.0401577854799,2.226498417908914,55844.43624148318,eval
16.0,21.7,,False,30.110570968515134,1.0364670657840618,1095.0207895929047,2.27862494490504,46638.657189385434,eval
17.0,22.01,,False,14.59730723952474,1.0564129515867995,1196.5712419197414,2.3454748372367877,13710.506301054316,eval
18.0,22.01,,False,12.021929582822235,1.1052862112798711,1299.5969777209689,2.672069020332503,11486.594907291239,eval
19.0,22.01,,False,16.11416806139112,1.1455449912844402,1391.1510105469124,2.740433000008246,15781.377071170307,eval
20.0,22.01,,False,19.35074722466216,1.1811776182886735,1458.4631183753725,2.7695545262127697,26721.941899100777,eval
21.0,22.01,20.995424456426903,True,10.098297261638052,1.2216267617742194,1494.3319880249908,2.883931473869004,9866.764617586845,eval
22.0,22.01,21.071087629916406,True,12.374139132098978,1.2831947990157593,1505.2493773702358,3.306832009851729,12488.67041792463,eval
23.0,22.01,21.16866703451717,True,17.674666463812038,1.2677202133715784,1490.3942861384373,3.3812296774752535,16910.00352320819,eval
24.0,22.01,21.268800487747697,True,17.656689700165504,1.2488360188104903,1460.6716681127032,3.3412947110229476,18703.045786034396,eval
25.0,22.01,21.298574673556438,True,26.342293038633116,1.2197405983075993,1464.1787703577575,3.452485999635318,30345.19425906655,eval
26.0,22.01,21.392336050371792,True,11.30948732749249,1.1788949616232003,1525.6837188552286,3.8283297488776706,12058.054125046016,eval
27.0,21.63,21.457773963435017,True,13.284450758600837,1.140544533737542,1620.1142240253362,3.794519900378658,9721.857201162517,eval
28.0,21.63,21.581365860118304,True,16.084917688669442,1.1105838770880667,1713.9961311948812,3.809738611235825,13127.430384074254,eval
29.0,21.63,21.767341905911444,True,15.241554393809668,1.0674003041364846,1763.094279634619,3.546182795622782,15922.80741308543,eval
30.0,21.63,7.935201235559832,True,14.781531816095033,1.0320312175096773,1756.64524517979,3.5315246979347386,13328.850132776162,eval
31.0,21.63,7.955269300778852,True,24.809129806907922,1.0262198982280302,1683.8282453403547,3.5449948689546176,25010.96643158926,eval
32.0,21.63,7.999082762504855,True,11.15198768893707,1.0211819470828263,1568.622357500606,3.533272158042615,8086.289562937314,eval
33.0,21.63,8.25168482435549,True,23.206511884943858,1.00691656511242,1419.2752886106387,3.382815982871515,20207.18284331222,eval
34.0,21.63,8.633928780513518,True,23.44866706026975,1.053627303667528,1263.0101660073906,3.3554421066102345,26499.93504464726,eval
35.0,21.63,9.200940446720516,True,27.60968844897149,1.1629104737036542,1151.2378370624388,3.4496026776723707,33819.24918054689,eval
36.0,21.63,9.538946549983386,True,21.224614200877646,1.235051686720681,1112.6987592492364,3.7215261978320404,20675.541159689183,eval
37.0,21.46,9.859970041715297,True,22.230696890175125,1.1854923207682093,1106.812169018842,3.5079216217309837,20801.507109878534,eval
38.0,21.46,9.73645833442975,True,41.099759835051024,1.0887888571671065,1151.3760208033764,3.4812216302841184,60217.165358867416,eval
39.0,21.46,20.892824110415077,True,23.08665009103792,1.170417566668199,1226.096179154777,3.4983994186827583,23985.809649193452,eval
40.0,21.46,20.840412407715586,True,39.79581352632805,1.1766108373222774,1329.828201913239,3.4206365616050425,68575.15683059924,eval
41.0,21.46,20.670442627801577,True,18.790514044048052,1.1198040849668824,1461.4449461226563,3.0404621064621016,20634.332466340682,eval
42.0,21.46,20.601235334889992,True,13.427614360729002,1.109155894658283,1601.0670664867757,3.149859975213726,15023.581167332715,eval
43.0,21.46,20.49107683207338,True,14.503968041099569,1.1005466663704198,1682.0029333823854,3.548447147904347,12767.26951011402,eval
44.0,21.46,20.200054129461712,True,14.805608712992445,1.047264701713659,1706.9543393782333,3.7282801843753584,15115.499003395253,eval
45.0,21.46,19.80617938708332,True,38.92596133760573,1.0225483642124251,1689.3805572844863,3.8145547562078574,58025.936633906924,eval
46.0,21.46,19.51319988770777,True,11.124882017963218,1.0844653952787926,1671.0110131455117,3.8116075542520464,11221.97905094086,eval
47.0,20.94,19.262950540052955,True,24.792820450687643,1.1448051675447117,1729.428829567631,3.8328957548268106,29193.466608947692,eval
48.0,20.94,19.071308751169525,True,25.004772112614706,1.1853908369066457,1882.9178327697591,3.9520205628988228,37356.85770869247,eval
49.0,20.94,18.988630972819017,True,24.14927060607181,1.187471305838573,2046.7971675537215,3.9583654924419545,33000.87414173225,eval
50.0,20.94,19.065028893790423,True,35.431376393656095,1.1520637444806063,2134.5059167790205,3.8723998231595638,77590.29116945612,eval
51.0,20.94,19.223396184406234,True,26.38952204072706,1.1098673959397454,2113.3594692474603,3.52969510604754,44478.87178912152,eval
52.0,20.94,19.6053364547653,True,17.073853268799247,1.0443321537522472,2001.3976723962421,3.451781885832032,24751.926320847415,eval
53.0,20.94,20.242064475737706,True,20.549026040536802,1.0539422786852228,1829.9098992705144,3.7156325296705104,25493.14970346795,eval
54.0,20.94,20.779900842553197,True,10.262370564414745,1.180503657724286,1636.020262415093,3.777728600453723,11856.81739543771,eval
55.0,20.94,21.368031775411687,True,19.913540568524013,1.2428783672711647,1475.2754874569328,3.896150760095853,28428.245859623305,eval
56.0,20.94,21.75575109613526,True,21.004285599570238,1.1420270106587573,1404.8410998609033,3.887681512796793,28838.478535116737,eval
57.0,20.83,22.014200522848284,True,15.343471576248803,1.06938859674264,1412.6625427901768,4.004289525817249,18734.923242919685,eval
58.0,20.83,21.99447910254137,True,23.862651073154666,1.0703368846619297,1532.5844998225766,3.9317852332383776,35221.73841764198,eval
59.0,20.83,21.740939288330413,True,34.4082499332359,1.12295706632472,1688.2916475868271,3.8092792594100464,58686.68941988804,eval
60.0,20.83,21.463071972024178,True,24.006488124010936,1.1726363035421687,1792.7044290042952,3.7297594728559824,38409.13565402388,eval
61.0,20.83,21.28042022528545,True,13.42002645493264,1.2112834734156919,1838.066264048633,3.9141386206149584,15742.46728959651,eval
62.0,20.83,21.251309886983798,True,17.85624136520839,1.2412974568075241,1831.6650114234562,4.1973671420150644,22414.598590139998,eval
63.0,20.83,21.39646871586483,True,15.051094262277367,1.1972306468073444,1813.585955980578,4.030005860042933,15214.090390944837,eval
64.0,20.83,21.70428529410693,True,16.54382873620854,1.1272074118672921,1793.2125740682814,4.15475661807832,16556.958242625005,eval
65.0,20.83,21.97696040213006,True,40.97418437678009,1.0615826656366538,1782.3642322605049,4.2858621620473105,98718.99995181069,eval
66.0,20.83,22.104776837270784,True,26.84442918974471,1.0342475305332646,1794.671368130652,4.622984386656594,42618.43431892869,eval
67.0,21.37,22.147736019510347,True,30.820540465400263,1.023844386552128,1806.1816286979602,4.636976518473125,65294.63274554592,eval
68.0,21.37,22.133825989184373,True,25.575033593093124,1.0251967644354827,1819.110517830436,4.497142211613528,39678.14342131725,eval
69.0,21.37,21.825099818419062,True,31.517338292758197,1.0930529047150257,1854.4871983953058,4.548694684109293,59340.42491722337,eval
70.0,21.37,21.505867851464007,True,32.187725792215105,1.1747386752746625,1915.0075910763246,4.576684154993227,75873.48902761884,eval
71.0,21.37,21.13897226031389,True,24.188648912858227,1.2595963698850823,1977.420377546012,4.8553333391345195,41256.20995715087,eval
72.0,21.37,20.758003616756735,True,19.476792478637492,1.1683970641589791,2030.8868099790898,4.737891791385662,29238.212071721093,eval
73.0,21.37,20.167275615843785,True,38.5873673860136,1.0399694963615373,2065.0572012312514,4.536576110858779,94654.58220229711,eval
74.0,21.37,19.42003314305602,True,28.98448497330507,1.09269725965681,2103.203073722444,4.706334438687449,81389.33400984475,eval
75.0,21.37,18.90407726691889,True,16.35534787914464,1.2292054128148606,2165.8032820078793,4.848429817913318,23806.903012462782,eval
76.0,21.37,18.507175731356032,True,11.847948898088235,1.2155744518358724,2175.482737672629,4.824152952757762,17647.1069178141,eval
77.0,21.02,18.258060631613674,True,11.118097049837537,1.1579207370410534,2137.88469623757,4.570807338806047,14864.419766981066,eval
78.0,21.02,18.243703273005995,True,15.789762751045188,1.1524403901275626,2102.0174516381658,4.84110092928044,25335.598167253673,eval
79.0,21.02,18.40620707448948,True,20.74749958290902,1.1691380587596591,2101.2269045984854,5.032600208651296,38701.137765869404,eval
80.0,21.02,18.754500359451235,True,18.29049527797393,1.2407676242229868,2098.276676228791,5.397684684815832,33875.84291012792,eval
81.0,21.02,,False,,,,,,eval
